<?xml version="1.0" encoding="UTF-8"?>
<project-private xmlns="http://www.netbeans.org/ns/project-private/1">
    <editor-bookmarks xmlns="http://www.netbeans.org/ns/editor-bookmarks/2" lastBookmarkId="0"/>
    <open-files xmlns="http://www.netbeans.org/ns/projectui-open-files/2">
        <group>
            <file>file:/D:/GitHub/PRJ301/PRJ301_Workshop1/src/java/utils/DBUtils.java</file>
            <file>file:/D:/GitHub/PRJ301/PRJ301_Workshop1/src/java/dto/UserDTO.java</file>
            <file>file:/D:/GitHub/PRJ301/PRJ301_Workshop1/src/java/utils/AuthUtils.java</file>
            <file>file:/D:/GitHub/PRJ301/PRJ301_Workshop1/web/login.jsp</file>
            <file>file:/D:/GitHub/PRJ301/PRJ301_Workshop1/src/java/dao/IDAO.java</file>
            <file>file:/D:/GitHub/PRJ301/PRJ301_Workshop1/src/java/dao/startupProjectDAO.java</file>
            <file>file:/D:/GitHub/PRJ301/PRJ301_Workshop1/data.sql</file>
            <file>file:/D:/GitHub/PRJ301/PRJ301_Workshop1/src/java/controller/MainController.java</file>
            <file>file:/D:/GitHub/PRJ301/PRJ301_Workshop1/src/java/dto/startupProjectDTO.java</file>
            <file>file:/D:/GitHub/PRJ301/PRJ301_Workshop1/web/addProjects.jsp</file>
            <file>file:/D:/GitHub/PRJ301/PRJ301_Workshop1/src/java/dao/UserDAO.java</file>
            <file>file:/D:/GitHub/PRJ301/PRJ301_Workshop1/web/index.html</file>
            <file>file:/D:/GitHub/PRJ301/PRJ301_Workshop1/web/dashboard.jsp</file>
        </group>
    </open-files>
</project-private>
